{
  "表单分类": [
    {
      "name": "考勤",
      "value": "A"
    },
    {
      "name": "合同",
      "value": "B"
    },
    {
      "name": "数据录入",
      "value": "C"
    },
    {
      "name": "服务",
      "value": "D"
    },
    {
      "name": "项目",
      "value": "E"
    },
    {
      "name": "查询",
      "value": "F"
    },
    {
      "name": "财务",
      "value": "G"
    },
    {
      "name": "其它",
      "value": "H"
    },
    {
      "name": "测试",
      "value": "T"
    }
  ],
  "布局分类": [
    {
      "name": "考勤",
      "value": "A"
    },
    {
      "name": "合同",
      "value": "B"
    },
    {
      "name": "数据录入",
      "value": "C"
    },
    {
      "name": "测试",
      "value": "T"
    },
    {
      "name": "用户登录",
      "value": "ZX"
    },
    {
      "name": "用户主页",
      "value": "ZY"
    },
    {
      "name": "全局变量",
      "value": "ZZ"
    }
  ],
  "布局用户级别": [
    {
      "name": "A等级",
      "value": "A"
    },
    {
      "name": "B等级",
      "value": "B"
    },
    {
      "name": "C等级",
      "value": "C"
    }
  ],
  "布局特性": [
    {
      "name": "核心体系",
      "value": "A"
    },
    {
      "name": "运营体系",
      "value": "B"
    },
    {
      "name": "生产体系",
      "value": "C"
    },
    {
      "name": "办公体系",
      "value": "D"
    },
    {
      "name": "财务体系",
      "value": "E"
    },
    {
      "name": "通知体系",
      "value": "F"
    },
    {
      "name": "触发体系",
      "value": "G"
    },
    {
      "name": "内部体系",
      "value": "Z"
    }
  ],
  "资源类型": [
    "表单",
    "布局"
  ],
  "子分类": [
    "基本",
    "单"
  ]
}
