[
  {
    "name": "基本属性",
    "value": "basic",
    "isPM": true,
    "items": [
      {
        "name": "编号",
        "value": "id",
        "controlType": "textbox",
        "dataType": "String",
        "attrOrStyle": "attribute",
        "isPM": true,
        "readonly": true
      },
      {
        "name": "表单名",
        "value": "name",
        "controlType": "textbox",
        "dataType": "String",
        "attrOrStyle": "attribute"
      },
      {
        "name": "中文名",
        "value": "cname",
        "controlType": "textbox",
        "dataType": "String"
      },
      {
        "name": "文本值",
        "value": "value",
        "controlType": "textbox",
        "dataType": "String"
      },
      {
        "name": "控件类型",
        "value": "controlType",
        "controlType": "select",
        "dataType": "String",
        "items": [
          {
            "name": "无",
            "value": ""
          },
          {
            "name": "文本输入框",
            "value": "文本输入框"
          },
          {
            "name": "下拉列表",
            "value": "下拉列表"
          },
          {
            "name": "上传控件",
            "value": "上传控件"
          },
          {
            "name": "时间控件",
            "value": "时间控件"
          },
          {
            "name": "自定义时间控件",
            "value": "自定义时间控件"
          }
        ]
      },
      {
        "name": "字体",
        "value": "fontFamily",
        "controlType": "select",
        "dataType": "String",
        "attrOrStyle": "style",
        "isPM": true,
        "items": [
          {
            "name": "无",
            "value": ""
          },
          {
            "name": "宋体",
            "value": "宋体"
          },
          {
            "name": "微软雅黑",
            "value": "微软雅黑"
          },
          {
            "name": "黑体",
            "value": "黑体"
          },
          {
            "name": "serif",
            "value": "serif"
          }
        ]
      },
      {
        "name": "尺寸",
        "value": "fontSize",
        "controlType": "select",
        "dataType": "String",
        "attrOrStyle": "style",
        "isPM": true,
        "items": [
          {
            "name": "无",
            "value": ""
          },
          {
            "name": "12px",
            "value": "12px"
          },
          {
            "name": "14px",
            "value": "14px"
          },
          {
            "name": "16px",
            "value": "16px"
          },
          {
            "name": "18px",
            "value": "18px"
          },
          {
            "name": "20px",
            "value": "20px"
          }
        ]
      },
      {
        "name": "颜色",
        "value": "color",
        "controlType": "textbox",
        "dataType": "String",
        "attrOrStyle": "style",
        "isPM": true
      },
      {
        "name": "背景色",
        "value": "backgroundColor",
        "controlType": "textbox",
        "dataType": "String",
        "attrOrStyle": "style",
        "isPM": true
      },
      {
        "name": "可见性",
        "value": "visibility",
        "controlType": "checkbox",
        "dataType": "Boolean",
        "attrOrStyle": "style",
        "isPM": true
      },
      {
        "name": "禁用",
        "value": "disabled",
        "controlType": "checkbox",
        "dataType": "Boolean",
        "attrOrStyle": "attribute",
        "isPM": true
      },
      {
        "name": "只读",
        "value": "readonly",
        "controlType": "checkbox",
        "dataType": "Boolean",
        "attrOrStyle": "attribute",
        "isPM": true
      }
    ]
  },
  {
    "name": "验证属性",
    "value": "validate",
    "items": [
      {
        "name": "格式验证",
        "value": "validate.format",
        "controlType": "textbox",
        "dataType": "String"
      },
      {
        "name": "最小字符数",
        "value": "validate.minLength",
        "controlType": "textbox",
        "dataType": "Int"
      },
      {
        "name": "最大字符数",
        "value": "validate.maxLength",
        "controlType": "textbox",
        "dataType": "Int"
      },
      {
        "name": "远程验证",
        "value": "validate.remote",
        "controlType": "textbox",
        "dataType": "String"
      }
    ]
  },
  {
    "name": "表达式属性",
    "value": "expression",
    "items": [
      {
        "name": "表达式",
        "value": "expression",
        "controlType": "textbox_expr",
        "dataType": "String"
      }
    ]
  },
  {
    "name": "数据源属性",
    "value": "dataSource",
    "items": [
      {
        "name": "静态数据源",
        "value": "dataSource.static",
        "controlType": "textarea_btn",
        "dataType": "String",
        "disabled": true
      },
      {
        "name": "数据库数据源",
        "value": "dataSource.db",
        "controlType": "textbox_btn",
        "dataType": "Object",
        "disabled": true
      }
    ]
  },
  {
    "name": "触发属性",
    "value": "events",
    "items": [
      {
        "name": "触发",
        "value": "events",
        "controlType": "textbox_btn",
        "dataType": "Array"
      }
    ]
  },
  {
    "name": "查询属性",
    "value": "query",
    "items": [
      {
        "name": "数据库查询",
        "value": "query.db",
        "controlType": "textbox_btn",
        "dataType": "Object"
      },
      {
        "name": "存档路径",
        "value": "archivePath",
        "controlType": "textbox_btn",
        "dataType": "Object"
      }
    ]
  },
  {
    "name": "数据库属性",
    "value": "db",
    "items": [
      {
        "name": "是否入库",
        "value": "db.isSave",
        "controlType": "checkbox",
        "dataType": "Boolean"
      },
      {
        "name": "表名称",
        "value": "db.table",
        "controlType": "textbox",
        "dataType": "String"
      },
      {
        "name": "字段名称",
        "value": "db.field",
        "controlType": "textbox",
        "dataType": "String"
      },
      {
        "name": "字段描述",
        "value": "db.desc",
        "controlType": "textbox",
        "dataType": "String"
      },{
        "name":"字段分段",
        "value":"db.filedSegmentation",
        "controlType":"textbox",
        "dataType":"Number"
      }
    ]
  }
]
